{"cameraMode":{"drawMode":0,"name":"Shaded","section":"Shading Mode"},"sceneLighting":false,"audioPlay":false,"sceneViewState":{"showFog":true,"showMaterialUpdate":false,"showSkybox":false,"showFlares":true,"showImageEffects":true,"showParticleSystems":true},"in2DMode":false,"pivot":{"x":0.15527760982513429,"y":0.13789135217666627,"z":0.2998291850090027},"rotation":{"x":-0.25576844811439516,"y":0.22006511688232423,"z":-0.05991059169173241,"w":-0.9394517540931702},"size":22.0,"orthographic":false}