{"cameraMode":{"drawMode":0,"name":"Shaded","section":"Shading Mode"},"sceneLighting":true,"audioPlay":false,"sceneViewState":{"showFog":true,"showMaterialUpdate":false,"showSkybox":true,"showFlares":true,"showImageEffects":true,"showParticleSystems":true},"in2DMode":false,"pivot":{"x":-3.8477859497070314,"y":-6.125888824462891,"z":6.919497489929199},"rotation":{"x":-0.1339484453201294,"y":0.23456665873527528,"z":-0.032651327550411227,"w":-0.9622800946235657},"size":161.61175537109376,"orthographic":false}