{"cameraMode":{"drawMode":0,"name":"Shaded","section":"Shading Mode"},"sceneLighting":true,"audioPlay":false,"sceneViewState":{"showFog":true,"showMaterialUpdate":false,"showSkybox":true,"showFlares":true,"showImageEffects":true,"showParticleSystems":true},"in2DMode":false,"pivot":{"x":10.264472961425782,"y":17.2982177734375,"z":17.637977600097658},"rotation":{"x":-0.1864243447780609,"y":0.2959928810596466,"z":-0.05901851877570152,"w":-0.9349672198295593},"size":111.26679229736328,"orthographic":false}